NomSite,Adresse,CodePostal,CodeSite,NbBornes,Latitude,Longitude
MAISON DE LA VIE ASSOCIATIVE ET CITOYENNE  1,5B RUE DU LOUVRE,75001,PW0148,2,48.8618833615,2.341156755
MAIRIE DU 1 ER,4 PLACE DU LOUVRE,75001,PW0127,2,48.8600835266,2.34106447616
JARDIN NELSON MANDELA,32 RUE BERGER,75001,PW0110,2,48.8614694222,2.34630372401
MEDIATHEQUE MUSICALE DE PARIS (HALLES),8 PORTE SAINT EUSTACHE,75001,PW0020,2,48.862650133,2.34591610501
BERGES RIVE DROITE - PONT NEUF,BERGE DE SEINE RIVE DROITE - SORTIE TUNNEL TUILERIETUILERIES,75001,PW0149,1,48.8593733254,2.33582235605
PREFOURRIERE LOUVRE,1 PLACE DU LOUVRE,75001,,1,48.8593248228,2.34073842112
MEDIATHEQUE LA CANOPEE LA FONTAINE,10 PASSAGE DE LA CANOPEE,75001,PW0143,5,48.8618194855,2.34764390328
BERGES RIVE DROITE - PONT AU CHANGE,BERGE DE SEINE RIVE DROITE - SORTIE CHATELET,75001,PW0193,1,48.8574278537,2.34701992447
BIBLIOTHEQUE DU CINEMA FRANCOIS TRUFFAUT,14 RUE DES PROUVAIRES,75001,PW0112,1,48.8614889106,2.34415410951
BERGES RIVE DROITE - PONT AU CHANGE,BERGE DE SEINE RIVE DROITE - VIA FERRATA,75001,PW0158,1,48.8575127839,2.34656304265
MAIRIE DU 2 EME,8 RUE DE LA BANQUE,75002,PW0034,1,48.8668345275,2.34045079989
MAISON DE LA VIE ASSOCIATIVE ET CITOYENNE 2,23 RUE GRENETA,75002,PW0036,1,48.8650814049,2.35054940319
CENTRE SPORTIF JEAN DAME,17 RUE LEOPOLD BELLAN,75002,PW0082,1,48.8665683485,2.34550650532
BIBLIOTHEQUE CHARLOTTE DELBO,2 PASSAGE DES PETITS PERES,75002,PW0134,2,48.8665075801,2.34043449149
MAISON DE LA VIE ASSOCIATIVE ET CITOYENNE 3/4,3 RUE EUGENE SPULLER,75003,PW0019-1,1,48.8640250421,2.36218654489
MAIRIE DU 3 EME,2 RUE EUGENE SPULLER,75003,PW0019,2,48.8639920263,2.36153196157
BOURSE DU TRAVAIL ANNEXE TURBIGO,67 RUE TURBIGO,75003,PW0219,1,48.8660165781,2.35800477569
BIBLIOTHEQUE MARGUERITE AUDOUX,8-12 RUE PORTEFOIN,75003,PW0044,2,48.8637689236,2.3598462566
BOURSE DU TRAVAIL ANNEXE CHARLOT,85 RUE CHARLOT,75003,PW0220,1,48.8651482532,2.36510801775
MAISON DES INITIATIVES ETUDIANTES,50 RUE DES TOURNELLES,75003,PW0070,8,48.8562219571,2.36739182013
SQUARE JEAN XXIII - 2,RUE DU CLOITRE NOTRE DAME,75004,PW0067,1,48.8525014751,2.35079596201
HOTEL DE VILLE 3EME,4 PLACE DE L HOTEL DE VILLE,75004,PW0122-4,3,48.8563280136,2.35290178599
HOTEL DE VILLE 2EME,4 PLACE DE L HOTEL DE VILLE,75004,PW0122-3,6,48.8560260905,2.35268578589
SQUARE LOUIS XIII,30 PLACE DES VOSGES,75004,PW0163,1,48.8556307839,2.36565840313
MAISON DES ACTEURS DU PARIS DURABLE,21 RUE BLANCS MANTEAUX,75004,PW0192,3,48.8590496567,2.35687277554
HOTEL DE VILLE SOUS SOL,4 PLACE DE L'HOTEL DE VILLE,75004,PW0122,3,48.8567634421,2.35264831302
JARDIN FREDERICO GARCIA LORCA - SQUARE HDV,QUAI DE L'HOTEL DE VILLE,75004,PW0191,1,48.8547105055,2.35324093401
LES BLANCS MANTEAUX,48 RUE VIEILLE DU TEMPLE,75004,PW0121,2,48.8582613252,2.35839235718
BIBLIOTHEQUE FORNEY,1 RUE DU FIGUIER,75004,PW0050,2,48.853423534,2.35917923727
HOTEL DE VILLE 1ER,PLACE DE L HOTEL DE VILLE,75004,PW0122-2,3,48.856082874,2.35226185907
HOTEL DE VILLE 4EME,4 PLACE DE L'HOTEL DE VILLE,75004,PW0122-5,6,48.8568665354,2.35317182328
HOTEL DE VILLE PARVIS RIVOLI,4 PLACE DE L HOTEL DE VILLE,75004,PW0123-1,1,48.8570518501,2.35235172421
MAIRIE DU 4 EME,2 PLACE BAUDOYER,75004,PW0132,2,48.8562716079,2.35575690111
BIBLIOTHEQUE HISTORIQUE DE LA VILLE DE PARIS (BHVP),24 RUE PAVEE,75004,PW0043,1,48.8570654279,2.36169590439
BERGES RIVE DROITE - PONT D ARCOLE,BERGE DE SEINE RIVE DROITE - QUAI DE GESVRES,75004,PW0156,1,48.8558319848,2.35083466129
BERGES RIVE DROITE - LES NAUTES,BERGE DE SEINE RIVE DROITE - 5 QUAI DES CELESTINS,75004,PW0150,1,48.8523533398,2.3603109745
HOTEL DE VILLE RDC,4 PLACE DE L'HOTEL DE VILLE,75004,PW0122-1,2,48.856389683,2.35238826701
BERGES RIVE DROITE - PONT NOTRE DAME,BERGE DE SEINE RIVE DROITE -  QUAI DE GESVRES 2,75004,PW0181,1,48.8566875709,2.34892300033
SQUARE JEAN XXIII - 1,RUE DU CLOITRE NOTRE DAME,75004,,1,48.8524420013,2.35067060781
SQUARE DE LA TOUR SAINT JACQUES,88 RUE DE RIVOLI,75004,PW0153,1,48.8580407243,2.34922010145
HOTEL DE VILLE  PARVIS  9,9 PLACE DE L HOTEL DE VILLE,75004,PW0119,1,48.8572732825,2.35127761215
BIBLIOTHEQUE ARTHUR RIMBAUD,2 PLACE BAUDOYER,75004,PW0132-2,2,48.8561383736,2.35593752424
HOTEL DE VILLE PARVIS SEINE,4 PLACE DE L'HOTEL DE VILLE,75004,PW0123,1,48.8563193139,2.35175507673
BIBLIOTHEQUE BUFFON,15 B RUE BUFFON,75005,PW0111,3,48.842546608,2.3618682436
CENTRE SPORTIF POLIVEAU,39 B RUE POLIVEAU,75005,PW0090,1,48.8398121461,2.35748075184
SQUARE PAUL LANGEVIN,12 RUE DES ECOLES,75005,PW0154,2,48.8480849077,2.34964310763
BIBLIOTHEQUE DES LITTERATURES POLICIERES,48-50 RUE DU CARDINAL LEMOINE,75005,PW0138,2,48.84643023,2.35118103072
BIBLIOTHEQUE HEURE JOYEUSE,6-12 RUE DES PRETRES ST-SEVERIN,75005,PW9999,2,48.8519010105,2.34494821891
MAISON DE LA VIE ASSOCIATIVE ET CITOYENNE QUARTIER LATIN 5,4 RUE DES ARENES,75005,PW0026,2,48.8451121922,2.3542064419
BIBLIOTHEQUE MOHAMMED ARKOUN,74 RUE MOUFFETARD,75005,PW0126,2,48.8424935285,2.34967376066
MAIRIE DU 5 EME,21 PLACE DU PANTHEON,75005,PW0021,2,48.846191709,2.3445808787
BIBLIOTHEQUE RAINER MARIA RILKE,88 T BOULEVARD DE PORT-ROYAL,75005,PW0115,2,48.8393069888,2.33878167349
SQUARE THEODORE MONOD,8 RUE SCIPION,75005,PW0155,1,48.8383992161,2.35377753667
JARDIN DES GRANDS EXPLORATEURS,5 RUE MICHELET,75006,PW0208,1,48.8413885661,2.33670570395
MAIRIE DU 6 EME,78 RUE BONAPARTE,75006,PW0128,1,48.8505365269,2.33261137019
MAISON DES INITIATIVES ETUDIANTES LABO6,76B RUE DE RENNES,75006,PW0146,4,48.8512426095,2.33044362302
BIBLIOTHEQUE ANDRE MALRAUX,78 BOULEVARD RASPAIL,75006,PW0118,2,48.8481097373,2.32759433608
PARC CHAMPS DE MARS - 1,AVENUE CHARLES RISLER,75007,PW0165,1,48.8569794103,2.29333906348
BIBLIOTHEQUE SAINT SIMON,116 RUE DE GRENELLE,75007,PW0022-1,1,48.8568664767,2.32004369744
PARC CHAMPS DE MARS - 2,AVENUE CHARLES RISLER,75007,PW0165-1,1,48.8546101225,2.30019063073
BERGES RIVE GAUCHE - EMMARCHEMENT,PORT DE SOLFERINO,75007,PW0207,2,48.8614166418,2.32435657002
BIBLIOTHEQUE AMELIE,164 RUE DE GRENELLE,75007,PW0059,1,48.8580688977,2.30898988281
BERGES RIVE GAUCHE - LA HALLE,PORT DE SOLFERINO,75007,PW0190,2,48.8611484589,2.32506543396
MAISON DE LA VIE ASSOCIATIVE ET CITOYENNE 7,93 RUE SAINT DOMINIQUE,75007,PW0027,1,48.8595702097,2.30722648326
MAIRIE DU 7 EME,116 RUE DE GRENELLE,75007,PW0022,1,48.8568664767,2.32004369744
BERGES RIVE GAUCHE - JARDIN FLOTTANT,PORT DU GROS CAILLOU,75007,PW0189,3,48.8629641751,2.30452468194
ESPLANADE DES INVALIDES,1 RUE PAUL ET JEAN LEROLLE,75007,PW0161,1,48.8581897423,2.31289426397
PROMENADE DES CHAMPS ELYSEES - KIOSQUE A MUSIQUE,AVENUE EDWARD TUCK,75008,PW0196,2,48.8652873059,2.31783976898
BIBLIOTHEQUE EUROPE,3 RUE DE LISBONNE,75008,PW0124,2,48.877751384,2.31748647872
PARC MONCEAU  - ENTREE PARC,1 PLACE DE LA REPUBLIQUE DOMINICAINE,75008,PW0151-1,3,48.87994077,2.30749907611
MAISON DE LA VIE ASSOCIATIVE ET CITOYENNE  8,28 RUE LAURE DIEBOLD,75008,PW0047,2,48.8760292839,2.30478482557
PARC MONCEAU - ALLEE CONTESSE DE SEGUR,1-3 PLACE DE LA REPUBLIQUE DOMINICAINE,75008,PW0151,4,48.8802623407,2.30983989697
GYMNASE BEAUJON,7 ALLEE LOUIS DE FUNES,75008,PW0095,1,48.8753645715,2.30462671902
MUSEE CERNUSCHI,7 AVENUE VELASQUEZ,75008,PW8888,17,48.8794445126,2.31252309998
MAIRIE DU 8 EME,3 RUE DE LISBONNE,75008,PW0024,1,48.877751384,2.31748647872
MAISON DE LA VIE ASSOCIATIVE ET CITOYENNE  9 ANNEXE,35 RUE VICTOR MASSE,75009,PW0038,1,48.8809409831,2.33701088306
SQUARE D'ANVERS,PLACE D'ANVERS,75009,PW0184,1,48.88231743,2.34452051997
BIBLIOTHEQUE VALEYRE,24 RUE DE ROCHECHOUART,75009,PW0142,2,48.8779672649,2.34502151234
SQUARE MONTHOLON,RUE LA FAYETTE,75009,PW0186,1,48.8769016573,2.34640500313
MAISON DE LA VIE ASSOCIATIVE ET CITOYENNE  9,54 RUE PIGALLE,75009,PW0037,1,48.8809781342,2.33593661121
SQUARE TRINITE D ESTIENNE D ORVES,1 PLACE D ESTIENNES D ORVES,75009,PW0176,1,48.8765956695,2.33179827521
BIBLIOTHEQUE DROUOT,11 RUE DROUOT,75009,PW0060,1,48.8733902739,2.34045205645
BIBLIOTHEQUE CHAPTAL,26 RUE CHAPTAL,75009,PW0109,2,48.8811113359,2.33234555983
MAIRIE DU 9 EME,6 RUE DROUOT,75009,PW0131,1,48.8725916024,2.34048060215
MAIRIE DU 10 EME,72 RUE DU FAUBOURG SAINT MARTIN,75010,PW0010,3,48.8717845119,2.35738264495
MEDIATHEQUE FRANCOISE SAGAN,8 RUE LEON SCHWARTZENBERG,75010,PW0147,11,48.8754298708,2.35366677297
BOURSE DU TRAVAIL,3 RUE DU CHATEAU D EAU,75010,PW0215,3,48.8691054125,2.36199740627
JARDIN DES BERGES DU CANAL SAINT MARTIN,150 QUAI DE VALMY,75010,PW0194,1,48.8801112154,2.36720666871
CENTRE SPORTIF DE LA GRANGE AUX BELLES,17 RUE BOY ZELENSKI,75010,PW0077,1,48.8774306165,2.36839034022
GYMNASE MARIE PARADIS,11 SQUARE ALBAN SATRAGNE,75010,PW0097,1,48.8754539407,2.35524842818
SQUARE FREDERIC LEMAITRE,35 QUAI DE JEMMAPES,75010,PW0197,1,48.8788386316,2.36711233025
JARDIN VILLEMIN,8 RUE DES RECOLLETS,75010,PW0164,2,48.8744988283,2.36190493854
BIBLIOTHEQUE FRANCOIS VILLON,81 BOULEVARD DE LA VILLETTE,75010,PW0116,2,48.8772054342,2.37079691969
SQUARE DES RECOLLETS,88 QUAI DE VALMY,75010,PW0210,1,48.8732040203,2.36361161798
MAISON DE LA VIE ASSOCIATIVE ET CITOYENNE  10,206 QUAI DE VALMY,75010,PW0028,1,48.8817841102,2.36872006696
MAISON DE LA VIE ASSOCIATIVE ET CITOYENNE  11,8 RUE DU GENERAL RENAULT,75011,PW0029,2,48.8612659255,2.37850247568
SQUARE JEAN AICARD,5 AVENUE JEAN AICARD,75011,PW0152,1,48.8649086244,2.38127231697
SQUARE ORILLON JULES VERNES,19B RUE DE L ORILLON,75011,PW0056,1,48.8698926807,2.37511728428
SQUARE MAURICE GARDETTE,2 RUE DU GENERAL BLAISE RUE LACHARRIERE,75011,PW0205,1,48.8610851934,2.37907251705
GYMNASE JAPY,2 RUE JAPY,75011,PW0096,1,48.8558714122,2.38245353583
PROMENADE RICHARD LENOIR,67 BOULEVARD RICHARD LENOIR,75011,PW0206,1,48.8605127941,2.37222141682
CENTRE SPORTIF GEORGES RIGAL,115 BOULEVARD DE CHARONNE,75011,PW0080,1,48.8566034181,2.39386877243
CENTRE SPORTIF COUR DES LIONS,9-11 RUE ALPHONSE BAUDIN,75011,PW0076,1,48.8606741278,2.37034386692
SQUARE COLBERT,159 RUE DE CHARONNE,75011,PW0160,1,48.8555919367,2.38959554225
MAIRIE DU 11 EME,2 PLACE LEON BLUM,75011,PW0011,1,48.8580799315,2.38100340048
MEDIATHEQUE VIOLETTE LEDUC,18 RUE FAIDHERBE,75011,PW0049,4,48.8515955528,2.38396007097
SQUARE LA PETITE ROQUETTE,4 RUE SERVAN - SQUARE DE LA ROQUETTE,75011,PW0068,1,48.8591243675,2.38418763308
SQUARE DES JARDINIERS,2 PASSAGE DUMAS,75011,PW0203,1,48.8520900215,2.39025008686
SQUARE BREGUET SABIN,25 BOULEVARD RICHARD LENOIR,75011,PW0177,2,48.8570974891,2.3704796611
BIBLIOTHEQUE PARMENTIER,20 AVENUE PARMENTIER,75011,PW0052,1,48.860096294,2.3790349615
CENTRE PARIS ANIM'MAURICE RAVEL,6 RUE MAURICE RAVEL,75012,,1,48.8418039259,2.41166835606
BIBLIOTHEQUE SAINT ELOI,23 RUE DU COLONEL ROZANOFF,75012,PW0141,2,48.8455291572,2.38711098608
PISCINE JEAN BOITEUX,13 RUE ANTOINE JULIEN HENARD,75012,PW0106,1,48.8421472127,2.38939778901
BIBLIOTHEQUE HELENE BERR,70 RUE DE PICPUS,75012,PW0051,4,48.8425411215,2.39747688968
CENTRE SPORTIF PAUL VALERY,15 RUE DE LA NOUVELLE CALEDONIE,75012,PW0087,1,48.8380025291,2.41042916157
PARC DE BERCY (MAISON DU LAC),1 COUR CHAMONARD,75012,PW0058-1,1,48.8350786407,2.38453222624
BIBLIOTHEQUE DIDEROT,42 AVENUE DAUMESNIL,75012,PW0135,1,48.8459667166,2.37771613956
CENTRE SPORTIF LEON MOTTOT,17 CITE MOYNET,75012,PW0086,1,48.8438656929,2.3866294954
CENTRE SPORTIF LEO LAGRANGE,68 BOULEVARD PONIATOWSKI,75012,PW0084,1,48.8321648675,2.39933433594
MAIRIE DU 12 EME,130 AVENUE DAUMESNIL,75012,PW0012,1,48.8411040785,2.3883374877
PARC DE BERCY (ORANGERIE),1 COUR CHAMONARD,75012,PW0058-2,2,48.836091766,2.38325225953
PARC FLORAL,ROUTE DE LA PYRAMIDE,75012,PW0200,5,48.8401255449,2.43983524718
PARC DE BERCY (TERRASSE BERCY),1 COUR CHAMONARD,75012,PW0058-3,2,48.8368107135,2.3823502437
ESPACE REUILLY,21 RUE ANTOINE JULIEN HENARD,75012,PW0222,3,48.8425186203,2.38963308439
GYMNASE REUILLY,11 RUE ANTOINE JULIEN HENARD,75012,PW0099,1,48.8417054788,2.38917144192
COULEE VERTE - BASTILLE,38 AVENUE DAUMESNIL,75012,PW0216,1,48.847183089,2.37641951695
DIR SYSTEMES INFORMATION ET NUMERIQUE,227 RUE DE BERCY,75012,PW0999,2,48.8464756456,2.36970554709
ACTIVITES ARTISANALES ET CREATION DU 12EME,30 RUE DU FAUBOURG SAINT ANTOINE,75012,PW0120,3,48.8524066125,2.37164543506
PARC DE BERCY (JARDINAGE),1 COURS SAIT EMILION,75012,PW0058,1,48.8324189858,2.3854831767
COULEE VERTE - DAUMESNIL RAMBOUILLET,AVENUE DAUMESNIL - COIN RUE RAMBOUILLET,75012,PW0217,1,48.8446762067,2.38161576761
MAISON DE LA VIE ASSOCIATIVE ET CITOYENNE 12,181 AVENUE DAUMESNIL,75012,PW0030,6,48.8404878126,2.39250677653
STADE CHARLETY,99 BOULEVARD KELLERMANN,75013,PW0169,6,48.819334381,2.34670165273
CENTRE SPORTIF DUNOIS,70 RUE DUNOIS,75013,PW0079,1,48.8331703217,2.36627858766
SQUARE DE LA RAFFINERIE SAY,147 BOULEVARD VINCENT AURIOL,75013,PW0174,1,48.8325693774,2.36204340104
SQUARE GEORGES DUHAMEL,RUE JEAN ANOUILH,75013,PW0171,1,48.8319158284,2.37761188927
PERMIS DE CONSTRUIRE - USAGER,6 PLACE LEVI STRAUSS,75013,PW0223,1,48.8304183053,2.37528632402
PREFOURRIERE CHARLETY,8 RUE THOMIRE,75013,,1,48.819396456,2.34838164871
BIBLIOTHEQUE ITALIE,213 BOULEVARD VINCENT AURIOL,75013,PW0114,1,48.830786809,2.35675447673
CENTRE SPORTIF GEORGES CARPENTIER - BATIMENT TENNIS,81 BOULEVARD MASSENA,75013,PW0103-2,1,48.8204906699,2.3673087496
SQUARE GUSTAVE MESUREUR,105 RUE JEANNE D ARC,75013,PW0178,1,48.8338461546,2.3627918953
SQUARE RENE LEGALL,43 RUE CORVISART,75013,PW0069,1,48.8322068,2.34741976643
SQUARE HENRI CADIOU,69 BOULEVARD ARAGO,75013,PW0172,2,48.8346490481,2.34222254283
STADE CHARLETY,99 BOULEVARD KELLERMANN,75013,PW0169-1,5,48.8190213359,2.34509522033
PROMENADE PISCINE JOSEPHINE BAKER,QUAI FRANCOIS MAURIAC,75013,,1,48.836030316,2.37589085119
FOURRIERE CHEVALERET,5 SQUARE DUNOIS,75013,,1,48.8337531924,2.36694211219
SQUARE HELOISE ET ABELARD - PARIS NATURE MAISON DES 5 SENS,22 RUE PIERRE GOURDAULT,75013,PW0066,1,48.8309190436,2.37010695364
BIBLIOTHEQUE MELVILLE ET MARGUERITE DURAND,79 RUE NATIONALE,75013,PW0221,3,48.8267869711,2.36643991184
PARC DE CHOISY,160 AVENUE DE CHOISY,75013,PW0062,2,48.827750994,2.35959561395
MAIRIE DU 13 EME,1 PLACE D ITALIE,75013,PW0013,2,48.8323144109,2.35531334924
SQUARE JEAN CLAUDE NICOLAS FORESTIER,79 BOULEVARD KELLERMANN,75013,PW0179,2,48.8198305601,2.34775475511
PARC DE CHOISY,160 AVENUE DE CHOISY,75013,PW0157,2,48.8281858231,2.3586267374
SQUARE PAUL GRIMAULT,20 RUE DE LA FONTAINE A MULARD,75013,PW0180,1,48.8230435797,2.3487751246
MAISON DE LA VIE ASSOCIATIVE ET CITOYENNE  13,11 RUE CAILLAUX,75013,PW0039,1,48.8226333452,2.36131811251
CENTRE SPORTIF CHARLES MOUREU,17 AVENUE EDISON,75013,PW0074,1,48.8278012364,2.36413466138
CENTRE SPORTIF GEORGES CARPENTIER,81 BOULEVARD MASSENA,75013,PW0103,3,48.8202371888,2.36812515131
CENTRE SPORTIF GEORGES CARPENTIER - BUREAU,81 BOULEVARD MASSENA (BUREAU CENTRE SPORTIF),75013,PW0103-1,2,48.8209032702,2.36844617431
BIBLIOTHEQUE GLACIERE MARINA TSVETAÏEVA,132 RUE DE LA GLACIERE,75013,PW0125,2,48.8273180542,2.34199371698
SQUARE JULIA BARTET,1 RUE JULIA BARTET,75014,PW0183,1,48.8256855011,2.30282480885
PARC MONTSOURIS - STATION RER,BOULEVARD JOURDAN,75014,PW0214,1,48.8223310676,2.32949179787
PARC MONTSOURIS - GARDE COTY,2 RUE GAZAN,75014,PW0212,1,48.8245191985,2.33987236739
BIBLIOTHEQUE AIME CESAIRE,5 RUE DE RIDDER,75014,PW0053,2,48.8312312482,2.31166233211
MAISON DE LA VIE ASSOCIATIVE ET CITOYENNE  14,22 RUE DEPARCIEUX,75014,PW0040,2,48.83559168,2.3258213932
MAIRIE DU 14 EME,2 PLACE FERDINAND BRUNOT,75014,PW0035,1,48.8329972796,2.32685435695
SQUARE CLAUDE NICOLAS LEDOUX,2 PLACE DENFERT ROCHEREAU,75014,PW0199,2,48.8342318805,2.33212851833
SQUARE DU CHANOINE VIOLLET,72 RUE DU MOULIN VERT,75014,PW0185,1,48.8312962023,2.32009649026
SQUARE SERMENT DE KOUFRA,30 AVENUE ERNEST REYER,75014,PW0188,1,48.8215934539,2.32303498218
BIBLIOTHEQUE BENOITE GROULT,25 RUE DU COMMANDANT RENE MOUCHOTTE,75014,PW0218,1,48.8382803073,2.31987510528
SQUARE ASPIRANT DUNAND,RUE MOUTON DUVERNET,75014,PW0063,1,48.8321552307,2.32688453686
BIBLIOTHEQUE BRASSENS,38 RUE GASSENDI,75014,PW0054,2,48.8337666097,2.32585597789
SQUARE FERDINAND BRUNOT,PLACE FERDINAND BRUNOT,75014,PW0065,1,48.832851161,2.32676722614
MUSEE DE LA LIBERATION,4 AVENUE DU COLONEL ROL TANGUY PAVILLON OUEST,75014,PW0201,5,48.8339906348,2.33201446003
GYMNASE ALICE MILLIAT,11 T RUE D ALESIA,75014,PW0094,1,48.8271609094,2.33626383901
PARC MONTSOURIS - GARDE GAZAN,2 RUE GAZAN,75014,PW0213,1,48.8243676449,2.33982556429
POINT PARIS EMPLOI,12 RUE PIERRE CASTAGNOU,75014,PW0195,1,48.8325230687,2.32581431984
BIBLIOTHEQUE MARGUERITE YOURCENAR,41 RUE D ALLERAY,75015,PW0046,5,48.836806921,2.30348080218
CENTRE SPORTIF SUZANNE LENGLEN - ENTREE,2 RUE LOUIS ARMAND,75015,PW0173-1,1,48.8330706432,2.27657635711
PREFOURRIERE BALARD,1 RUE EMILE HEMINGWAY,75015,,1,48.8375955343,2.27517600716
BIBLIOTHEQUE GUTENBERG,8 RUE DE LA MONTAGNE D AULAS,75015,PW0145,1,48.8402076064,2.27870642421
CENTRE SPORTIF PLAINE,13 RUE DU GENERAL GUILLAUMAT,75015,PW0088,1,48.8280331741,2.29332761077
BIBLIOTHEQUE VAUGIRARD,154 RUE LECOURBE,75015,PW0137,2,48.8417075067,2.299350322
MAIRIE DU 15 EME,31 RUE DE PECLET,75015,PW0014,2,48.8415157494,2.29988438758
MAISON DE LA VIE ASSOCIATIVE ET CITOYENNE 15,22 RUE DE LA SAIDA,75015,PW0031,2,48.8318321726,2.29575609576
ESPACE PARISIEN POUR L INSERTION 7 15 16,14 RUE MOISANT,75015,PW0162,1,48.8423101169,2.3172057616
BIBLIOTHEQUE ANDRÉE CHEDID,36-40 RUE EMERIAU,75015,PW0117,3,48.8497413105,2.28613674375
CENTRE SPORTIF SUZANNE LENGLEN - STADE DE RUDBY,2  RUE LOUIS ARMAND,75015,PW0173-2,1,48.8328810737,2.27660615944
CENTRE SPORTIF CHARLES RIGOULOT,18 AVENUE DE LA PORTE BRANCION,75015,PW0075,1,48.8266335927,2.30041746551
CENTRE SPORTIF SUZANNE LENGLEN - TRIBUNE COUR DE TENNIS,2 RUE LOUIS ARMAND,75015,PW0173,1,48.8329646707,2.27683278955
JARDIN DU TROCADERO,1 PLACE DU ONZE NOVEMBRE 1918,75016,PW0175,1,48.8609372147,2.28934994437
BIBLIOTHEQUE GERMAINE TILLION,6 RUE DU COMMANDANT SCHLOESING,75016,PW0113,2,48.8618363826,2.28427079122
MUSEE D ART MODERNE,11 AVENUE DU PRESIDENT WILSON,75016,PW0211,11,48.8647101823,2.29699733667
STADE PIERRE DE COUBERTIN,82 AVENUE GEORGES LAFONT,75016,PW0108,4,48.8354989458,2.25576069335
JARDIN MUSEE GALLIERA,10 AVENUE PIERRE IER DE SERBIE,75016,,1,48.8658585587,2.29699237535
PREFOURRIERE FOCH,8 AVENUE FOCH,75016,,1,48.8738124954,2.29173934485
CENTRE SPORTIF HENRY DE MONTHERLAND,30-32 BOULEVARD LANNES,75016,PW0101,1,48.8675228068,2.27212085381
MAIRIE DU 16 EME,71 AVENUE HENRI-MARTIN,75016,PW0015,1,48.8639407702,2.2766525219
PISCINE AUTEUIL,1 ROUTE DES LACS A PASSY,75016,PW0102,1,48.858152594,2.26156748231
MAISON DE LA VIE ASSOCIATIVE ET CITOYENNE 16,14-16 AVENUE RENE BOYLESVE,75016,PW0041,2,48.8567504745,2.28383673376
BIBLIOTHEQUE MUSSET,20 RUE MUSSET,75016,PW0140,1,48.8420822374,2.26353969865
MUSEE BALZAC,47 RUE RAYNOUARD,75016,PW0202,10,48.8553935976,2.2807177166
BIBLIOTHEQUE EDMOND ROSTAND,11 RUE NICOLAS CHUQUET,75017,PW0104,2,48.8883943592,2.30308970568
BIBLIOTHEQUE BATIGNOLLES,18 RUE DES BATIGNOLLES,75017,PW0133,1,48.884754514,2.32212094544
CENTRE SPORTIF LEON BIANCOTTO,6 AVENUE DE LA PORTE DE CLICHY,75017,PW0098,1,48.8957682345,2.31183047537
MAIRIE DU 17 EME,16/20 RUE DES BATIGNOLLES,75017,PW0016,2,48.8844937686,2.32183436031
MAISON DE LA VIE ASSOCIATIVE ET CITOYENNE  17,25 RUE LANTIEZ,75017,PW0042,1,48.8950306662,2.32375142311
PISCINE BERNARD LAFAY,79 RUE DE LA JONQUIERE,75017,PW0100,1,48.8946479903,2.31881724233
SQUARE ANDRE ULMANN,17 BOULEVARD DE REIMS,75017,PW0166,1,48.8899003976,2.29894138948
BIBLIOTHEQUE COLETTE VIVIER,6 RUE FOURNEYRON,75017,PW0003,1,48.889783335,2.31964337344
MAISON DE LA VIE ASSOCIATIVE ET CITOYENNE 18,15 PASSAGE RAMEY,75018,PW0032,2,48.890069083,2.34733549712
CENTRE SPORTIF POISSONNIERS,2 RUE JEAN COCTEAU,75018,PW0091,1,48.8996859262,2.35199197527
ESPACE GLISSE DES FILLETTES,54 BOULEVARD NEY,75018,PW0093,1,48.8987598139,2.36350693511
BIBLIOTHEQUE JACQUELINE DE ROMILLY,16-30 AVENUE DE LA PORTE MONTMARTRE,75018,PW0198,2,48.9003798743,2.3358735009
BUTTE MONTMARTRE,6 PLACE SAINT-PIERRE,75018,,1,48.8844827328,2.34387627415
CENTRE SPORTIF BERTRAND DAUVIN,12 RUE RENE BINET,75018,PW0089,1,48.8994866387,2.34205409809
BIBLIOTHEQUE GOUTTE D OR,2-4 RUE FLEURY,75018,PW0006,3,48.8844631298,2.35414160142
MAIRIE DU 18 EME,1 PLACE JULES JOFFRIN,75018,PW0023,1,48.8923035579,2.34468721296
JARDIN D EOLE - 1,18B RUE DU DEPARTEMENT,75018,PW0170,2,48.8864505694,2.36547579719
BIBLIOTHEQUE ROBERT SABATIER,29 RUE HERMEL,75018,,3,48.891536321,2.34443632011
JARDIN D EOLE - 2,18B RUE DU DEPARTEMENT,75018,PW0170-1,1,48.8858336546,2.36504782956
BIBLIOTHEQUE VACLAV HAVEL,26B RUE PAJOL,75018,PW0009,4,48.8901061541,2.36320997363
CENTRE SPORTIF ZAC PAJOL,22T RUE PAJOL,75018,PW0092,1,48.8895947972,2.36306760121
BIBLIOTHEQUE MAURICE GENEVOIX,19 RUE TRISTAN TZARA,75018,PW0007,1,48.894964593,2.36390071349
MAISON DE LA VIE ASSOCIATIVE ET CITOYENNE  19,20 RUE EDOUARD PAILLERON,75019,PW0033,1,48.8804061535,2.37654510623
BIBLIOTHEQUE PLACE DES FETES,18 RUE JANSSEN,75019,PW0008,3,48.8793648409,2.39763758371
CENTRE SPORTIF JULES LADOUMEGUE,37 ROUTE DES PETITS PONTS,75019,PW0083,1,48.893005177,2.39778750696
MAIRIE DU 19 EME,5 PLACE ARMAND CARREL,75019,PW0017,1,48.8827945783,2.38191797413
PREFOURRIERE PANTIN,15 RUE DE LA MARSEILLAISE,75019,,1,48.8886165183,2.39802091255
PARC DES BUTTES CHAUMONT - VILLETTE,1 RUE BOTZARIS,75019,PW0159,1,48.8796817468,2.38832763739
SQUARE DE LA MARSEILLAISE,1B RUE DE LA MARSEILLAISE,75019,PW0064,1,48.8872868418,2.39806224303
ARCHIVES DE PARIS,18 BOULEVARD SERURIER,75019,PW0136,1,48.8780382168,2.40580812486
PARC DES BUTTES CHAUMONT - BOLIVAR,1 RUE BOTZARIS,75019,PW0159-1,1,48.8764730512,2.38101742013
CENTRE SPORTIF DES LILAS,5 RUE DES LILAS,75019,PW0081,1,48.8779068008,2.39542126695
BIBLIOTHEQUE FESSART,6 RUE FESSART,75019,PW0005,1,48.8762687831,2.38818422808
PARC DES BUTTES CHAUMONT - CARREL,4 PLACE ARMAND CARREL,75019,PW0182,2,48.8827940633,2.3827054256
PARC DES BUTTES CHAUMONT - FESSARD,3 RUE BOTZARIS,75019,PW0159-2,3,48.8779490326,2.38109010003
SQUARE CLAUDE BERNARD,176 BOULEVARD MACDONALD,75019,PW0209,1,48.8982958877,2.38158352816
BIBLIOTHEQUE CRIMEE,42-44 RUE PETIT,75019,PW0004,1,48.8848820164,2.38305018751
BIBLIOTHEQUE BENJAMIN RABIER,141 AVENUE DE FLANDRE,75019,PW0001,2,48.8927610937,2.37912283946
BIBLIOTHEQUE CLAUDE LEVI STRAUSS,35-45 AVENUE DE FLANDRE,75019,PW0002,2,48.8867669709,2.37147305047
BIBLIOTHEQUE HERGE,2 RUE DU DEPARTEMENT,75019,PW0139,1,48.8850136264,2.36723501408
SQUARE MARCEL MOULOUDJI,2 RUE PIERRE REVERDY,75019,PW0167,1,48.8852754048,2.37635419105
BASE NAUTIQUE DE LA VILLETTE,41 QUAI DE LA LOIRE,75019,PW0078,1,48.8875236317,2.3788915948
PARC DE BELLEVILLE (PARIS NATURE MAISON DE L'AIR),27 RUE PIAT,75020,PW0168,1,48.8716051488,2.38492475051
BIBLIOTHEQUE MARGUERITE DURAS,109-115 RUE DE BAGNOLET,75020,PW0045,11,48.8598387687,2.40322699854
PARC DE BELLEVILLE - 1,45 RUE DES COURONNES,75020,PW0057,1,48.8705904639,2.38423775006
CENTRE SPORTIF PYRENEES,296 RUE DES PYRENEES,75020,PW0072,1,48.8719533728,2.39230250037
BIBLIOTHEQUE LOUISE MICHEL,29/35 RUE DES HAIES,75020,PW0130,2,48.8532955464,2.40121278827
GYMNASE VIGNOLES EST,83-91 RUE DES HAIES,75020,PW0073,1,48.8552404998,2.4039028856
CENTRE SPORTIF LOUIS LUMIERE,30 RUE LOUIS LUMIERE,75020,PW0105,1,48.8591982131,2.41164568454
MAISON DE LA VIE ASSOCIATIVE ET CITOYENNE 20,18 RUE RAMUS,75020,PW0187,2,48.8627043264,2.39878906422
BIBLIOTHEQUE SORBIER,17 RUE SORBIER,75020,PW0129,2,48.8659615824,2.39285197457
BIBLIOTHEQUE ASSIA DJEBARD,1 RUE REYNALDO HAHN,75020,PW0144,6,48.8492339972,2.41209815834
BIBLIOTHEQUE NAGUIB MAHFOUZ,66 RUE DES COURONNES,75020,PW0048,1,48.870162555,2.38521982606
BIBLIOTHEQUE OSCAR WILDE,12 RUE DU TELEGRAPHE,75020,PW0061,1,48.8720261058,2.39981629322
GYMNASE PAUL MEURICE,1 RUE PAUL MEURICE,75020,PW0085,1,48.8740265007,2.41213767973
CENTRE SPORTIF ALFRED NAKACHE,4/12 RUE DENOYEZ,75020,PW0071,1,48.8714830648,2.37867703535
MAIRIE DU 20 EME,6 PLACE GAMBETTA,75020,PW0018,1,48.8650911391,2.39899770026
PARC DE BELLEVILLE - 2,45-47 RUE DES COURONNES,75020,PW0204,1,48.8703088766,2.38480663231
JARDIN GARE DE CHARONNE,59 BOULEVARD DAVOUT,75020,PW0055,1,48.8523121522,2.41056064416
PREFOURRIERE POUCHET 2,1BIS BOULEVARD DU GENERAL LECLERC CLICHY SUR SEINE,92100,,1,48.9002805032,2.31899270694
FOURRIERE LA COURNEUVE,92 RUE MERMOZ LA COURNEUVE,93120,,1,48.9325469697,2.40874563362
FOURRIERE BONNEUIL 2,AVENUE DE BOISSY RN19 BONNEUIL SUR MARNE,94380,,1,48.7611824817,2.49710603697
FOURRIERE BONNEUIL,11 RUE DES CHAMPS BONNEUIL SUR MARNE,94380,,1,48.7628610542,2.49947839187
